Tweet,Sentiment
Ôªø@Tesco #Trafford 2/2 - how many millions do you make from #Trafford residents each year? Surely you could support t‚Ä¶ https://t.co/nno1cUSQLI,neutral
"@Tesco #Trafford 1/2  bitterly disappointed, that when presented with my genuine ID as elected member of‚Ä¶ https://t.co/y6Oc3Urkm7",neutral
RT @AnneDuffield1: From NOC to a majority of 9... what a night... congratulations to my fab new colleagues.. @KarinaCarter19 @BenHartleyAOM‚Ä¶,neutral
RT @LabourSaleMoor: Been a busy day but need to say how delighted I am that @BenHartleyAOM was elected as the first ever #Labour Cllr for #‚Ä¶,negative
RT @MusicInTrafford: MUSIC DONATIONS NEEDED Having a #MariKondo clearout?,neutral
"We're looking for donations of used, good quality sheet music‚Ä¶",positive
RT @LabourSaleMoor: Been a busy day but need to say how delighted I am that @BenHartleyAOM was elected as the first ever #Labour Cllr for #‚Ä¶,negative
It‚Äôs been an exciting few weeks for @tweet_tdas welcoming our new (and amazing) office administrator Jade to the te‚Ä¶ https://t.co/7bBJ5ptvjm,positive
RT @Odbe34: So #BBCNews send their main reporter to Bath and not to #Trafford?! #GreaterManchester = 100% Labour,neutral
So #BBCNews send their main reporter to Bath and not to #Trafford?! #GreaterManchester = 100% Labour,neutral
RT @NinaWarhurst: And I tell you what - the gains in #Trafford were where parties focused hard work &amp; hard miles of campaigning ; knocking‚Ä¶,neutral
"RT @OxfamHaleBarns: Join us this #BankHolidayWeekend ‚õ± at Oxfam Hale Barns for bargains galore for all the family, helping to raise funds f‚Ä¶",neutral
RT @NinaWarhurst: And I tell you what - the gains in #Trafford were where parties focused hard work &amp; hard miles of campaigning ; knocking‚Ä¶,neutral
RT @YvonneB75861709: Fantastic news for #Trafford residents. Please spread the word. @HealthwatchTraf @TraffordCCG @StretfordM32 @FOVPStret‚Ä¶,positive
"Join us this #BankHolidayWeekend ‚õ± at Oxfam Hale Barns for bargains galore for all the family, helping to raise fun‚Ä¶ https://t.co/0rEwykXSt4",neutral
RT @BridgetteMDoyle: Huge thanks to ‚Å¶@Annabell_MCR‚Å© ‚Å¶@muzzer1010‚Å© ‚Å¶@gemmafattahi‚Å© for having us today! #Trafford #WomenInBusiness #NatWest‚Ä¶,positive
RT @LabourSaleMoor: This morning we have scattered the ashes of my beloved sister ‚Å¶@SocialistGreen‚Å©. Close family &amp; friends present. Isobel‚Ä¶,positive
@TomWRoss Thank you so much for your support - always there for #Trafford,positive
RT @UrmstonHomecare: Here are our top tips for food and fluid nutrition for older adults. Help your loved one live a healthy lifestyle. üçáüçàüçâ‚Ä¶,positive
Here are our top tips for food and fluid nutrition for older adults. Help your loved one live a healthy lifestyle.‚Ä¶ https://t.co/HW43dgcgVz,positive
RT @BongosRockNRoll: Tomorrow @_themarketco #urmston #artisanmarket #manchester come see us and #buybongos #Bongochilli #chillis #homemade‚Ä¶,positive
It's the BANK HOLIDAY weekend! Time to relax and make some plans. Don't waste a minute! There's so much going on in‚Ä¶ https://t.co/VMITGwKUez,positive
RT @JerryHicksUnite: #LocalElections2019 #LE2019,neutral
"Corbyn ""the swings to Labour in many parts of the country show that we can win seats in a‚Ä¶",neutral
RT @YvonneB75861709: Fantastic news for #Trafford residents. Please spread the word. @HealthwatchTraf @TraffordCCG @StretfordM32 @FOVPStret‚Ä¶,positive
"RT @GMWalkingFest: Joining an organised walk is the perfect way to make new friends and have an enjoyable chin wag, with a cup of tea at th‚Ä¶",positive
RT @YvonneB75861709: Great to talk about our Walking for Health Scheme in Trafford linking with #Gp surgeries .   @TraffordCCG @SaleSports‚Ä¶,positive
Tomorrow @_themarketco #urmston #artisanmarket #manchester come see us and #buybongos #Bongochilli #chillis‚Ä¶ https://t.co/Qy5oPL5p4S,neutral
RT @TraffordCCG: #Trafford are 100% in support of a new #GM suicide prevention campaign that launched on Wednesday #ShiningALightOnSuicide‚Ä¶,neutral
RT @TraffordCCG: #Trafford are 100% in support of a new #GM suicide prevention campaign that launched on Wednesday #ShiningALightOnSuicide‚Ä¶,neutral
#Trafford are 100% in support of a new #GM suicide prevention campaign that launched on Wednesday‚Ä¶ https://t.co/Kwi4NsJJue,neutral
RT @LabourSaleMoor: This morning we have scattered the ashes of my beloved sister ‚Å¶@SocialistGreen‚Å©. Close family &amp; friends present. Isobel‚Ä¶,positive
Great to talk about our Walking for Health Scheme in Trafford linking with #Gp surgeries .   @TraffordCCG‚Ä¶ https://t.co/ZPPhjW3Wmq,neutral
RT @LabourSaleMoor: Been a busy day but need to say how delighted I am that @BenHartleyAOM was elected as the first ever #Labour Cllr for #‚Ä¶,negative
RT @LabourSaleMoor: Been a busy day but need to say how delighted I am that @BenHartleyAOM was elected as the first ever #Labour Cllr for #‚Ä¶,negative
RT @LabourSaleMoor: This morning we have scattered the ashes of my beloved sister ‚Å¶@SocialistGreen‚Å©. Close family &amp; friends present. Isobel‚Ä¶,positive
RT @YvonneB75861709: Fantastic news for #Trafford residents. Please spread the word. @HealthwatchTraf @TraffordCCG @StretfordM32 @FOVPStret‚Ä¶,positive
RT @LabourSaleMoor: Been a busy day but need to say how delighted I am that @BenHartleyAOM was elected as the first ever #Labour Cllr for #‚Ä¶,negative
Been a busy day but need to say how delighted I am that @BenHartleyAOM was elected as the first ever #Labour Cllr f‚Ä¶ https://t.co/VKRebfY5CL,negative
Fantastic news for #Trafford residents. Please spread the word. @HealthwatchTraf @TraffordCCG @StretfordM32‚Ä¶ https://t.co/4vb1nf3lvV,neutral
@great_together #moreincommon I‚Äôm helping put together the stage for our GREAT GET TOGETHER in #Altrincham‚Ä¶ https://t.co/OVjpeR29hZ,positive
RT @BridgetteMDoyle: Huge thanks to ‚Å¶@Annabell_MCR‚Å© ‚Å¶@muzzer1010‚Å© ‚Å¶@gemmafattahi‚Å© for having us today! #Trafford #WomenInBusiness #NatWest‚Ä¶,positive
@seananstee @kjbelfon @OliverRyan95 Like when you gave yourself a pay rise while cutting social funding? #trafford,neutral
"RT @GMWalkingFest: Joining an organised walk is the perfect way to make new friends and have an enjoyable chin wag, with a cup of tea at th‚Ä¶",positive
RT @BridgetteMDoyle: Huge thanks to ‚Å¶@Annabell_MCR‚Å© ‚Å¶@muzzer1010‚Å© ‚Å¶@gemmafattahi‚Å© for having us today! #Trafford #WomenInBusiness #NatWest‚Ä¶,positive
RT @BridgetteMDoyle: Huge thanks to ‚Å¶@Annabell_MCR‚Å© ‚Å¶@muzzer1010‚Å© ‚Å¶@gemmafattahi‚Å© for having us today! #Trafford #WomenInBusiness #NatWest‚Ä¶,positive
SAD NEWS: We are closed on Monday 6th May,neutral
GOOD NEWS: Its #Maydaybankholiday,neutral
Back open Tuesday 7th MAY,neutral
Enjoy the b‚Ä¶ https://t.co/QHQ5qICZoH,neutral
"We have a disastarous Tory government and yet today, #Corbyn is in #Trafford and @HackneyAbbott on TV, both talking‚Ä¶ https://t.co/GQEklNYvl6",neutral
RT @sophiertw: Fabulous to welcome @jeremycorbyn @UKLabour to #Trafford to celebrate our historic @UKLabour in Trafford #TraffordLabour #Tr‚Ä¶,positive
Fabulous to welcome @jeremycorbyn @UKLabour to #Trafford to celebrate our historic @UKLabour in Trafford‚Ä¶ https://t.co/IcdXP1TqCc,neutral
RT @JerryHicksUnite: #LocalElections2019 #LE2019,neutral
"Corbyn ""the swings to Labour in many parts of the country show that we can win seats in a‚Ä¶",neutral
RT @JerryHicksUnite: #LocalElections2019 #LE2019,neutral
"Corbyn ""the swings to Labour in many parts of the country show that we can win seats in a‚Ä¶",neutral
Huge thanks to ‚Å¶@Annabell_MCR‚Å© ‚Å¶@muzzer1010‚Å© ‚Å¶@gemmafattahi‚Å© for having us today! #Trafford #WomenInBusiness‚Ä¶ https://t.co/eP3igbThbD,positive
"Overwhelmingly pleased Hale and Hale Central remained Tory. However, it is with great sorrow that many hardworking‚Ä¶ https://t.co/W6bPf9tlzN",neutral
This morning we have scattered the ashes of my beloved sister ‚Å¶@SocialistGreen‚Å©. Close family &amp; friends present. Is‚Ä¶ https://t.co/4SraHs74c8,neutral
#LocalElections2019 #LE2019,neutral
"Corbyn ""the swings to Labour in many parts of the country show that we can win seats in‚Ä¶ https://t.co/KuOTwDYfqO",neutral
@jeremycorbyn What a shame @jeremycorbyn that you still fail to support the wishes of the #Trafford voters who vote‚Ä¶ https://t.co/TbFLJrnJKb,negative
"RT @GMWalkingFest: Joining an organised walk is the perfect way to make new friends and have an enjoyable chin wag, with a cup of tea at th‚Ä¶",positive
.@UKLabour leader @jeremycorbyn was in #Trafford this morning to celebrate his party taking control of the council‚Ä¶ https://t.co/PE8x7N6IG3,neutral
"OK, kind of missing the excitement. Spent a few election nights in that club. #Trafford #LocalElections2019 https://t.co/eD9iXtp3wN",positive
"Joining an organised walk is the perfect way to make new friends and have an enjoyable chin wag, with a cup of tea‚Ä¶ https://t.co/kOUhWmRrJl",positive
RT @AnneDuffield1: From NOC to a majority of 9... what a night... congratulations to my fab new colleagues.. @KarinaCarter19 @BenHartleyAOM‚Ä¶,neutral
Opening hours over the bank holiday weekend are the same as usual except on Monday we will be open 12-8pm serving o‚Ä¶ https://t.co/Z7bpuZ5mWm,negative
RT @everglade_UK: Red is definately the colour.Arched door in #Trafford ‚öΩÔ∏è‚öΩÔ∏è@VEKA_plc @Universalarches https://t.co/Rh67ZiDcjy,neutral
Great night for .@Trafford_Labour with 6 gains making sure the Tories stay out of Trafford Town hall for many years‚Ä¶ https://t.co/uCKURuxzs0,positive
RT @TraffordFIS: #Trafford Directory is searched by thousands of people every week looking for things do for themselves and their families.‚Ä¶,neutral
And I tell you what - the gains in #Trafford were where parties focused hard work &amp; hard miles of campaigning ; kno‚Ä¶ https://t.co/IaWrC2Z9cS,negative
"#Trafford Centre owner Intu has said it is bracing for a ""challenging'' 2019, as new chief Matthew Roberts set out‚Ä¶ https://t.co/F5A4Ft77qL",neutral
RT @DominicHardwick: On my way to the Manchester count after an election that has already seen FANTASTIC results for the @LibDems. Well don‚Ä¶,positive
#Trafford Directory is searched by thousands of people every week looking for things do for themselves and their fa‚Ä¶ https://t.co/UYKkM1G9kz,neutral
Pleased to hear we won #Trafford Council. A real political battleground there. Great result #Labour,positive
#LocalElections2019,neutral
Jeremy Corbyn in #Trafford congratulating local Labour Party - says results nationally are ‚Äòinteresting‚Äô‚Ä¶ https://t.co/0aqFIxgqVZ,neutral
RT @AnneDuffield1: From NOC to a majority of 9... what a night... congratulations to my fab new colleagues.. @KarinaCarter19 @BenHartleyAOM‚Ä¶,neutral
@bbclaurak I campaigned in #trafford and that‚Äôs simply not true,negative
On my way to the Manchester count after an election that has already seen FANTASTIC results for the @LibDems. Well‚Ä¶ https://t.co/BmLHlsSrSw,positive
RT @Jane_Brophy: So proud of our amazing @TraffordLibDems Team who worked so hard to elect our brilliant new #Trafford representatives Cllr‚Ä¶,positive
RT @LisaMeakin2: Lib Dem secretary Jane Brophy says she‚Äôs ‚Äúoptimistic‚Äù for gains in Timperley and Village. #LE2019 #Trafford https://t.co/r‚Ä¶,neutral
What are the #Trafford local elections 2019 results?,neutral
#Labour  https://t.co/ldwvCvzWwx,neutral
So proud of our amazing @TraffordLibDems Team who worked so hard to elect our brilliant new #Trafford representativ‚Ä¶ https://t.co/5FKQK9k9Ri,positive
@seananstee Possibly a @MENnewsdesk reader we can only hope that the tables will turn when people grow up congratul‚Ä¶ https://t.co/oF6PsRXH0X,neutral
RT @LisaMeakin2: Tory leader Sean Anstee faces a difficult night. Thirteen blue seats up for grabs compared to Labour‚Äôs eight. ‚ÄúThe result‚Ä¶,negative
Despite the absolute disgrace at a national level our local #Labour Team work so hard. Delighted that #Trafford is‚Ä¶ https://t.co/BsaMdNLPUB,negative
RT @hitsmcrnews: Talking points from #LocalElections19 in Greater Manchester:,neutral
#Trafford is back under Labour control for the first time si‚Ä¶,negative
"RT @WalkRideAlty: If you fancy a sociable ride around #SaleTown along traffic-free routes on Saturday 18th May, @SaleRide @letsrideuk will‚Ä¶",neutral
Talking points from #LocalElections19 in Greater Manchester:,neutral
#Trafford is back under Labour control for the first‚Ä¶ https://t.co/H73VySlK89,neutral
RT @BBCRadioManc: We have mixed local election results across Greater Manchester this morning... The big news was in #Trafford where Lab ga‚Ä¶,neutral
RT @AnneDuffield1: From NOC to a majority of 9... what a night... congratulations to my fab new colleagues.. @KarinaCarter19 @BenHartleyAOM‚Ä¶,neutral
RT @redknighttrader: Graham Brady will be out of a job soon if he doesn‚Äôt tell May to go in the morning #Trafford #Altrincham #Brexit #Elec‚Ä¶,neutral
"RT @WalkRideAlty: If you fancy a sociable ride around #SaleTown along traffic-free routes on Saturday 18th May, @SaleRide @letsrideuk will‚Ä¶",neutral
We have mixed local election results across Greater Manchester this morning... The big news was in #Trafford where‚Ä¶ https://t.co/NYwjwpm4PZ,neutral
RT @redknighttrader: Graham Brady will be out of a job soon if he doesn‚Äôt tell May to go in the morning #Trafford #Altrincham #Brexit #Elec‚Ä¶,neutral
RT @AnneDuffield1: From NOC to a majority of 9... what a night... congratulations to my fab new colleagues.. @KarinaCarter19 @BenHartleyAOM‚Ä¶,neutral
From NOC to a majority of 9... what a night... congratulations to my fab new colleagues.. @KarinaCarter19‚Ä¶ https://t.co/hopFKT6rj5,positive
Graham Brady will be out of a job soon if he doesn‚Äôt tell May to go in the morning #Trafford #Altrincham #Brexit #Elections2019,positive
[Job] Research and Development Scientist | Company: Tenmat Ltd. | Location: Trafford ENG  United Kingdom |‚Ä¶ https://t.co/s3rBm9msOB,neutral
[Job] Quality Inspector | Company: Tenmat Ltd. | Location: Trafford ENG  United Kingdom | #Trafford #Ceramic‚Ä¶ https://t.co/FNG5i0G6T6,neutral
[Job] Production Operative - CNC Turner (Mazak) | Company: Tenmat Ltd. | Location: Trafford ENG  United Kingdom |‚Ä¶ https://t.co/1ZfS2pV1lG,neutral
The @Conservatives dropping 15% in the vote share in #Trafford is shocking! It's supposed to the Tory flagship coun‚Ä¶ https://t.co/s3bPyD7X4P,neutral
Labour take #Flixton from Conservatives in the #Trafford #LocalElecctions2019 https://t.co/6f7hc0EMbt,neutral
RT @FairlyOrganic: Another #Green councillor for #Altrincham! #LocalElections2019 #Trafford https://t.co/dhBidYK6JZ,neutral
RT @FairlyOrganic: Another #Green councillor for #Altrincham! #LocalElections2019 #Trafford https://t.co/dhBidYK6JZ,neutral
Another #Green councillor for #Altrincham! #LocalElections2019 #Trafford https://t.co/dhBidYK6JZ,neutral
RT @MadDogsHomeless: Sundays cook was our regulars @annacfryer @LudoTC with their chicken Biryani.,neutral
A hardworking couple who do lots in the‚Ä¶,neutral
"RT @MancElects: Prediction for TRAFFORD Council. Gains for Lab, Lib Dems and Greens at the expense of the Tories. Labour to take overall co‚Ä¶",neutral
RT @weare_pure: The Mayor of #Trafford @TomWRoss visited our interns from our #SupportedInternship and they delivered individual presentati‚Ä¶,neutral
RT @JenniferBagchi: #Trafford WE NEED YOUR HELP...,neutral
We are looking for a local business to donate space (with working kitchen) for a few hou‚Ä¶,neutral
RT @pureinsight1628: We are getting requests for clothing from young people who are struggling financially. Ideally it's nice if these item‚Ä¶,positive
RT @HalecroftRec: We're hiring! #Customer Service Advisor #Part-time based in #Trafford Park #Salary up to ¬£22K with great benefits. Get in‚Ä¶,positive
RT @HalecroftRec: We're hiring! #Product Analyst based in #Trafford Park #salary up to ¬£30K with great benefits. #Stock #online #eCommerce‚Ä¶,positive
"Zoe Barr starts off our new series on the transforming power of Jesus, based on the 7 signs from John‚Äôs gospel.",neutral
Cli‚Ä¶ https://t.co/NBULH4fBM4,neutral
